-- phpMyAdmin SQL Dump
-- version 4.5.1
-- http://www.phpmyadmin.net
--
-- Host: 127.0.0.1
-- Generation Time: Aug 29, 2017 at 04:58 AM
-- Server version: 10.1.9-MariaDB
-- PHP Version: 5.6.15

SET SQL_MODE = "NO_AUTO_VALUE_ON_ZERO";
SET time_zone = "+00:00";


/*!40101 SET @OLD_CHARACTER_SET_CLIENT=@@CHARACTER_SET_CLIENT */;
/*!40101 SET @OLD_CHARACTER_SET_RESULTS=@@CHARACTER_SET_RESULTS */;
/*!40101 SET @OLD_COLLATION_CONNECTION=@@COLLATION_CONNECTION */;
/*!40101 SET NAMES utf8mb4 */;

--
-- Database: `dom`
--

-- --------------------------------------------------------

--
-- Table structure for table `beban_realisasi`
--

CREATE TABLE `beban_realisasi` (
  `id_twrl` int(11) NOT NULL,
  `id_sp` int(11) NOT NULL,
  `tahun` int(4) NOT NULL,
  `stat_twrl` int(1) NOT NULL,
  `stat_akhir` decimal(20,0) NOT NULL,
  `realisasi` decimal(20,0) NOT NULL,
  `jenis` varchar(20) NOT NULL
) ENGINE=InnoDB DEFAULT CHARSET=latin1;

--
-- Dumping data for table `beban_realisasi`
--

INSERT INTO `beban_realisasi` (`id_twrl`, `id_sp`, `tahun`, `stat_twrl`, `stat_akhir`, `realisasi`, `jenis`) VALUES
(8, 36, 2017, 1, '0', '2001', 'bpt'),
(9, 36, 2017, 2, '0', '200', 'bpt'),
(10, 36, 2017, 3, '0', '200', 'bpt'),
(11, 36, 2017, 4, '0', '2001', 'bpt'),
(12, 37, 2017, 1, '0', '200', 'bpll'),
(13, 37, 2017, 2, '0', '200', 'bpll'),
(14, 37, 2017, 3, '0', '200', 'bpll'),
(15, 37, 2017, 4, '0', '200', 'bpll');

-- --------------------------------------------------------

--
-- Table structure for table `beban_rencana`
--

CREATE TABLE `beban_rencana` (
  `id_twrc` int(11) NOT NULL,
  `id_sp` int(11) NOT NULL,
  `tahun` int(4) NOT NULL,
  `stat_twrc` int(1) NOT NULL,
  `rkap` decimal(20,0) NOT NULL,
  `revisi` decimal(20,0) NOT NULL,
  `jenis` varchar(10) NOT NULL
) ENGINE=InnoDB DEFAULT CHARSET=latin1;

--
-- Dumping data for table `beban_rencana`
--

INSERT INTO `beban_rencana` (`id_twrc`, `id_sp`, `tahun`, `stat_twrc`, `rkap`, `revisi`, `jenis`) VALUES
(65, 16, 2016, 1, '1', '0', 'bpt'),
(66, 16, 2016, 2, '1', '0', 'bpt'),
(67, 16, 2016, 3, '1', '0', 'bpt'),
(68, 16, 2016, 4, '1', '0', 'bpt'),
(109, 0, 0, 1, '0', '0', ''),
(110, 0, 0, 2, '0', '0', ''),
(111, 0, 0, 3, '0', '0', ''),
(112, 0, 0, 4, '0', '0', ''),
(113, 36, 2017, 1, '120', '0', 'bpt'),
(114, 36, 2017, 2, '120', '0', 'bpt'),
(115, 36, 2017, 3, '121', '0', 'bpt'),
(116, 36, 2017, 4, '111', '1111', 'bpt'),
(117, 37, 2017, 1, '200', '2001', 'bpll'),
(118, 37, 2017, 2, '200', '0', 'bpll'),
(119, 37, 2017, 3, '200', '0', 'bpll'),
(120, 37, 2017, 4, '300', '0', 'bpll');

-- --------------------------------------------------------

--
-- Table structure for table `cabang`
--

CREATE TABLE `cabang` (
  `id_cabang` int(20) NOT NULL,
  `nama_cabang` varchar(30) NOT NULL
) ENGINE=InnoDB DEFAULT CHARSET=latin1;

--
-- Dumping data for table `cabang`
--

INSERT INTO `cabang` (`id_cabang`, `nama_cabang`) VALUES
(1, 'Jagorawi'),
(2, 'Jakarta-Cikampek'),
(3, 'Jakarta-Tangerang'),
(4, 'Cawang-Tomang-Cengkareng'),
(5, 'Purbaleunyi'),
(6, 'Palikanci'),
(7, 'Semarang'),
(8, 'Surabaya-Gempol'),
(9, 'Belmera'),
(10, 'PT JLJ'),
(11, 'Suramadu');

-- --------------------------------------------------------

--
-- Table structure for table `capex_realisasi`
--

CREATE TABLE `capex_realisasi` (
  `id_twrl` int(11) NOT NULL,
  `id_sp` int(11) NOT NULL,
  `tahun` int(4) NOT NULL,
  `stat_twrl` int(1) NOT NULL,
  `stat_akhir` decimal(20,0) NOT NULL,
  `realisasi` decimal(20,0) NOT NULL,
  `jenis` varchar(20) NOT NULL
) ENGINE=InnoDB DEFAULT CHARSET=latin1;

--
-- Dumping data for table `capex_realisasi`
--

INSERT INTO `capex_realisasi` (`id_twrl`, `id_sp`, `tahun`, `stat_twrl`, `stat_akhir`, `realisasi`, `jenis`) VALUES
(3, 38, 2017, 1, '0', '200', 'spojt'),
(4, 38, 2017, 2, '0', '200', 'spojt'),
(5, 38, 2017, 3, '0', '200', 'spojt'),
(6, 38, 2017, 4, '0', '200', 'spojt'),
(7, 39, 2017, 1, '0', '200', 'spjt'),
(8, 39, 2017, 2, '0', '200', 'spjt'),
(9, 39, 2017, 3, '0', '200', 'spjt'),
(10, 39, 2017, 4, '0', '2001', 'spjt');

-- --------------------------------------------------------

--
-- Table structure for table `capex_rencana`
--

CREATE TABLE `capex_rencana` (
  `id_twrc` int(11) NOT NULL,
  `id_sp` int(11) NOT NULL,
  `tahun` int(4) NOT NULL,
  `stat_twrc` int(1) NOT NULL,
  `rkap` decimal(20,0) NOT NULL,
  `revisi` decimal(20,0) NOT NULL,
  `jenis` varchar(10) NOT NULL
) ENGINE=InnoDB DEFAULT CHARSET=latin1;

--
-- Dumping data for table `capex_rencana`
--

INSERT INTO `capex_rencana` (`id_twrc`, `id_sp`, `tahun`, `stat_twrc`, `rkap`, `revisi`, `jenis`) VALUES
(1, 38, 2017, 1, '200', '0', 'spojt'),
(2, 38, 2017, 2, '200', '0', 'spojt'),
(3, 38, 2017, 3, '200', '0', 'spojt'),
(4, 38, 2017, 4, '2001', '2001', 'spojt'),
(5, 39, 2017, 1, '200', '0', 'spjt'),
(6, 39, 2017, 2, '200', '0', 'spjt'),
(7, 39, 2017, 3, '200', '2002', 'spjt'),
(8, 39, 2017, 4, '200', '2002', 'spjt');

-- --------------------------------------------------------

--
-- Table structure for table `data_csi`
--

CREATE TABLE `data_csi` (
  `id_csi` int(10) NOT NULL,
  `nilai_csi` float NOT NULL,
  `tahun` year(4) NOT NULL,
  `id_semester` int(10) NOT NULL,
  `stat_twrl` int(1) NOT NULL,
  `id_cabang` int(10) NOT NULL,
  `jenis` varchar(20) NOT NULL
) ENGINE=InnoDB DEFAULT CHARSET=latin1;

--
-- Dumping data for table `data_csi`
--

INSERT INTO `data_csi` (`id_csi`, `nilai_csi`, `tahun`, `id_semester`, `stat_twrl`, `id_cabang`, `jenis`) VALUES
(8, 4, 2017, 1, 1, 1, 'Rencana'),
(9, 3, 2017, 2, 2, 1, 'Rencana'),
(10, 4, 2017, 2, 1, 1, 'Rencana'),
(12, 3, 2017, 1, 2, 1, 'Rencana'),
(13, 4, 2017, 1, 1, 1, 'Realisasi'),
(14, 4, 2017, 1, 2, 1, 'Realisasi'),
(15, 2, 2017, 2, 1, 1, 'Realisasi'),
(16, 4, 2017, 2, 2, 1, 'Realisasi'),
(17, 7, 2017, 1, 1, 2, 'Rencana');

-- --------------------------------------------------------

--
-- Table structure for table `gerbang`
--

CREATE TABLE `gerbang` (
  `id_gerbang` int(11) NOT NULL,
  `nama_gerbang` varchar(59) NOT NULL,
  `id_cabang` int(11) NOT NULL
) ENGINE=InnoDB DEFAULT CHARSET=latin1;

--
-- Dumping data for table `gerbang`
--

INSERT INTO `gerbang` (`id_gerbang`, `nama_gerbang`, `id_cabang`) VALUES
(8, 'Gerbang Ramp Taman Mini 1', 1),
(9, 'Gerbang Ramp Taman Mini 2', 1),
(10, 'Gerbang Ramp Dukuh 2', 1),
(11, 'Gerbang Ramp Cibubur 1', 1),
(12, 'Gerbang Cibubur Utama', 1),
(13, 'Gerbang Cibubur 3', 1),
(14, 'Gerbang Cimanggis Utama', 1),
(15, 'Gerbang Cimanggis ', 1),
(16, 'Gerbang Gunung Putri', 1),
(17, 'Gerbang Karanggan', 1),
(18, 'Gerbang Citeureup', 1),
(19, 'Gerbang Sentul', 1),
(20, 'Gerbang Sentul Selatan', 1),
(21, 'Gerbang Bogor', 1),
(22, 'Gerbang Ciawi', 1),
(23, 'Gerbang Halim', 2),
(24, 'Gerbang Ramp Pondok Gede Barat', 2),
(25, 'Gerbang Ramp Pondok Gede Timur', 2),
(26, 'Gerbang Cikunir', 2),
(27, 'Gerbang Bekasi Barat', 2),
(28, 'Gerbang Bekasi Timur', 2),
(29, 'Gerbang Tambun', 2),
(30, 'Gerbang Cibitung', 2),
(31, 'Gerbang Cikarang Timur', 2),
(32, 'Gerbang Cikarang Barat', 2),
(33, 'Gerbang Karawang Barat', 2),
(34, 'Gerbang Karawang Timur', 2),
(35, 'Gerbang Cikampek', 2),
(36, 'Gerbang Cikopo', 2);

-- --------------------------------------------------------

--
-- Table structure for table `jenis_gardu`
--

CREATE TABLE `jenis_gardu` (
  `id_jenisgardu` int(11) NOT NULL,
  `nama_gardu` varchar(25) NOT NULL
) ENGINE=InnoDB DEFAULT CHARSET=latin1;

--
-- Dumping data for table `jenis_gardu`
--

INSERT INTO `jenis_gardu` (`id_jenisgardu`, `nama_gardu`) VALUES
(1, 'reguler'),
(2, 'gto'),
(3, 'epass');

-- --------------------------------------------------------

--
-- Table structure for table `jenis_karyawan`
--

CREATE TABLE `jenis_karyawan` (
  `id_karyawan` int(11) NOT NULL,
  `nama` varchar(25) NOT NULL,
  `kode` int(11) NOT NULL
) ENGINE=InnoDB DEFAULT CHARSET=latin1;

--
-- Dumping data for table `jenis_karyawan`
--

INSERT INTO `jenis_karyawan` (`id_karyawan`, `nama`, `kode`) VALUES
(1, 'Karyawan Jasamarga', 1),
(2, 'Karyawan JLJ', 2),
(3, 'Karyawan JLO', 3),
(4, 'Sakit Permanen', 4),
(5, 'Kepala Gerbang Tol', 5),
(6, 'KSPT', 6),
(7, 'TUGT', 7);

-- --------------------------------------------------------

--
-- Table structure for table `jenis_subgardu`
--

CREATE TABLE `jenis_subgardu` (
  `id_subgardu` int(11) NOT NULL,
  `nama_subgardu` varchar(25) NOT NULL,
  `id_jenisgardu` int(11) NOT NULL
) ENGINE=InnoDB DEFAULT CHARSET=latin1;

--
-- Dumping data for table `jenis_subgardu`
--

INSERT INTO `jenis_subgardu` (`id_subgardu`, `nama_subgardu`, `id_jenisgardu`) VALUES
(1, 'gardu_terbuka', 1),
(2, 'gardu_masuk', 1),
(3, 'gardu_keluar', 1),
(4, 'gardu_terbuka', 2),
(5, 'gardu_masuk', 2),
(6, 'gardu_keluar', 2),
(7, 'epass_lalintinggi', 3),
(8, 'epass_jmltersedia', 3),
(9, 'panjang_antrian', 3);

-- --------------------------------------------------------

--
-- Table structure for table `jml_gardutersedia`
--

CREATE TABLE `jml_gardutersedia` (
  `id_gardutersedia` int(11) NOT NULL,
  `tahun` year(4) NOT NULL,
  `tw` int(1) NOT NULL,
  `nilai` int(11) NOT NULL,
  `id_subgardu` int(11) NOT NULL,
  `id_gerbang` int(11) NOT NULL,
  `id_cabang` int(25) NOT NULL
) ENGINE=InnoDB DEFAULT CHARSET=latin1;

--
-- Dumping data for table `jml_gardutersedia`
--

INSERT INTO `jml_gardutersedia` (`id_gardutersedia`, `tahun`, `tw`, `nilai`, `id_subgardu`, `id_gerbang`, `id_cabang`) VALUES
(142, 2015, 1, 1, 1, 26, 2),
(143, 2015, 1, 1, 2, 26, 2),
(144, 2015, 1, 1, 3, 26, 2),
(145, 2015, 1, 1, 4, 26, 2),
(146, 2015, 1, 1, 5, 26, 2),
(147, 2015, 1, 1, 6, 26, 2),
(148, 2015, 1, 1, 8, 26, 2);

-- --------------------------------------------------------

--
-- Table structure for table `lalin_jj`
--

CREATE TABLE `lalin_jj` (
  `id_lalinjj` int(11) NOT NULL,
  `nama_file` varchar(25) NOT NULL,
  `type_file` varchar(25) NOT NULL,
  `content` mediumblob NOT NULL,
  `size_file` int(11) NOT NULL,
  `tahun` year(4) NOT NULL,
  `tw` int(1) NOT NULL,
  `id_cabang` int(11) NOT NULL
) ENGINE=InnoDB DEFAULT CHARSET=latin1;

-- --------------------------------------------------------

--
-- Table structure for table `laporan_lock`
--

CREATE TABLE `laporan_lock` (
  `id_lock` int(11) NOT NULL,
  `start_time` date NOT NULL,
  `end_time` date NOT NULL,
  `id_user` int(11) NOT NULL
) ENGINE=InnoDB DEFAULT CHARSET=latin1;

-- --------------------------------------------------------

--
-- Table structure for table `locker_realisasilaporan`
--

CREATE TABLE `locker_realisasilaporan` (
  `id_locker` int(10) NOT NULL,
  `start_unggah` date NOT NULL,
  `end_unggah` date NOT NULL
) ENGINE=InnoDB DEFAULT CHARSET=latin1;

--
-- Dumping data for table `locker_realisasilaporan`
--

INSERT INTO `locker_realisasilaporan` (`id_locker`, `start_unggah`, `end_unggah`) VALUES
(1, '2017-08-01', '2017-08-30');

-- --------------------------------------------------------

--
-- Table structure for table `panjang_antrian`
--

CREATE TABLE `panjang_antrian` (
  `id_pa` int(11) NOT NULL,
  `panjang_antrian` int(11) NOT NULL,
  `tahun` int(11) NOT NULL,
  `id_gerbang` int(11) NOT NULL,
  `id_semester` int(11) NOT NULL,
  `id_cabang` int(11) NOT NULL,
  `id_tw` int(11) NOT NULL
) ENGINE=InnoDB DEFAULT CHARSET=latin1;

--
-- Dumping data for table `panjang_antrian`
--

INSERT INTO `panjang_antrian` (`id_pa`, `panjang_antrian`, `tahun`, `id_gerbang`, `id_semester`, `id_cabang`, `id_tw`) VALUES
(106, 1, 2017, 8, 2, 1, 3),
(108, 3, 2017, 9, 1, 1, 1),
(110, 6, 2017, 8, 1, 1, 1),
(111, 3, 0, 0, 1, 0, 0),
(112, 2, 2017, 8, 1, 1, 2),
(113, 2, 2017, 8, 1, 1, 4),
(114, 2, 2017, 8, 2, 1, 4),
(115, 5, 2017, 9, 2, 1, 3),
(116, 1, 2012, 32, 1, 0, 1),
(117, 1, 2015, 8, 1, 0, 1),
(120, 3, 2017, 30, 1, 2, 1),
(121, 10, 2017, 23, 1, 2, 2);

-- --------------------------------------------------------

--
-- Table structure for table `pengumpul_tol`
--

CREATE TABLE `pengumpul_tol` (
  `id_pt` int(11) NOT NULL,
  `tahun` year(4) NOT NULL,
  `jumlah` int(11) NOT NULL,
  `id_karyawan` int(25) NOT NULL,
  `id_gerbang` int(11) NOT NULL,
  `id_cabang` int(11) NOT NULL
) ENGINE=InnoDB DEFAULT CHARSET=latin1;

-- --------------------------------------------------------

--
-- Table structure for table `program_kerja`
--

CREATE TABLE `program_kerja` (
  `id_pk` int(255) NOT NULL,
  `MA` varchar(1000) NOT NULL,
  `no_item` varchar(50) NOT NULL,
  `nama_pk` text NOT NULL,
  `id_cabang` int(30) NOT NULL,
  `jenis` varchar(20) NOT NULL
) ENGINE=InnoDB DEFAULT CHARSET=latin1;

--
-- Dumping data for table `program_kerja`
--

INSERT INTO `program_kerja` (`id_pk`, `MA`, `no_item`, `nama_pk`, `id_cabang`, `jenis`) VALUES
(26, '213', '1231231', 'Tambah BPT rrencana', 3, 'bpt'),
(27, '12321', '455123', 'COBA PROGRAM BPLL', 3, 'bpll'),
(28, '29193', '2319', 'PROGRAM SPOJT', 3, 'spojt'),
(29, '213451', '123123', 'PROGRAM SPJT', 3, 'spjt');

-- --------------------------------------------------------

--
-- Table structure for table `realisasi_laporan`
--

CREATE TABLE `realisasi_laporan` (
  `id_realisasi` int(11) NOT NULL,
  `nama_file` varchar(25) NOT NULL,
  `type_file` varchar(25) NOT NULL,
  `content` mediumblob NOT NULL,
  `size_file` int(11) NOT NULL,
  `tahun` year(4) NOT NULL,
  `bulan` int(2) NOT NULL,
  `waktu` timestamp NOT NULL DEFAULT CURRENT_TIMESTAMP ON UPDATE CURRENT_TIMESTAMP,
  `id_cabang` int(11) NOT NULL,
  `status` int(2) NOT NULL
) ENGINE=InnoDB DEFAULT CHARSET=latin1;

--
-- Dumping data for table `realisasi_laporan`
--

INSERT INTO `realisasi_laporan` (`id_realisasi`, `nama_file`, `type_file`, `content`, `size_file`, `tahun`, `bulan`, `waktu`, `id_cabang`, `status`) VALUES
(2, 'Angus', 'xlsx', 0x0d0a203c64697620616c69676e3d2263656e746572223e203c703e44617461204c61706f72616e20426562616e2042504c4c20546168756e2020202053656d75612054726977756c616e20203c2f703e3c2f6469763e0d0a0d0a20202020202020202020202020202020202020202020203c7461626c652020626f726465723d22312220202020636c6173733d227461626c65207461626c652d73747269706564207461626c652d626f726465726564202220636c6173733d2263656e7465726564223e0d0a2020202020202020202020202020202020202020202020203c74686561643e0d0a20202020202020202020202020202020202020202020202020203c7472206267636f6c6f723d2223646465626637223e0d0a202020202020202020202020202020202020202020202020202020203c746820726f777370616e3d2232223e436162616e673c2f74683e0d0a202020202020202020202020202020202020202020202020202020203c746820726f777370616e3d2232223e50726f6772616d204b65726a613c2f74683e0d0a202020202020202020202020202020202020202020202020202020203c746820726f777370616e3d2232223e5375622050726f6772616d204b65726a613c2f74683e0d0a202020202020202020202020202020202020202020202020202020203c746820726f777370616e3d2232223e546f74616c20524b415020202020202020202020202020202020202020202020202020202020202020200d0a20200d0a20202020202020202020202020202020202020202020200d0a2020202020202020202020202020202020202020202020202020203c2f74683e0d0a202020202020202020202020202020202020202020202020202020203c746820726f777370616e3d2232223e546f74616c2053746174757320416b68697220732e64205457200d0a20202020202020202020202020202020202020202020202020202020202020202034203c2f74683e0d0a202020202020202020202020202020202020202020202020202020203c746820726f777370616e3d2232223e544f54414c205265616c697361736920732e64205457202034203c2f74683e0d0a202020202020202020202020202020202020202020202020202020203c746820726f777370616e3d2232223e546168756e203c2f74683e0d0a20202020202020202020202020202020202020202020202020202020202020202020202020202020202020202020202020202020202020203c746820636f6c7370616e3d2233223e545720313c2f74683e0d0a202020202020202020202020202020202020202020202020202020203c746820636f6c7370616e3d2233223e545720323c2f74683e0d0a202020202020202020202020202020202020202020202020202020203c746820636f6c7370616e3d2233223e545720333c2f74683e0d0a202020202020202020202020202020202020202020202020202020203c746820636f6c7370616e3d2233223e545720343c2f74683e0d0a20202020202020202020202020202020202020202020202020202020202020202020202020202020202020202020202020202020202020200d0a20202020202020202020202020202020202020202020202020203c2f74723e0d0a20202020202020202020202020202020202020202020202020203c7472206267636f6c6f723d2223646465626637223e0d0a20202020202020202020202020202020202020202020202020202020202020202020202020202020202020202020202020202020202020202020200d0a20202020202020202020202020202020202020202020202020202020202020203c74683e524b41503c2f74683e0d0a20202020202020202020202020202020202020202020202020202020202020203c7468203e53746174757320416b6869723c2f74683e0d0a20202020202020202020202020202020202020202020202020202020202020203c7468203e5265616c69736173693c2f74683e0d0a20202020202020202020202020202020202020202020202020202020202020203c74683e524b41503c2f74683e0d0a20202020202020202020202020202020202020202020202020202020202020203c7468203e53746174757320416b6869723c2f74683e0d0a20202020202020202020202020202020202020202020202020202020202020203c7468203e5265616c69736173693c2f74683e0d0a20202020202020202020202020202020202020202020202020202020202020203c74683e524b41503c2f74683e0d0a20202020202020202020202020202020202020202020202020202020202020203c7468203e53746174757320416b6869723c2f74683e0d0a20202020202020202020202020202020202020202020202020202020202020203c7468203e5265616c69736173693c2f74683e0d0a20202020202020202020202020202020202020202020202020202020202020203c74683e524b41503c2f74683e0d0a20202020202020202020202020202020202020202020202020202020202020203c7468203e53746174757320416b6869723c2f74683e0d0a20202020202020202020202020202020202020202020202020202020202020203c7468203e5265616c69736173693c2f74683e0d0a0d0a2020202020202020202020202020202020202020202020202020202020200d0a202020202020202020202020202020202020202020202020202020202020200d0a202020202020202020202020202020202020202020202020202020200d0a202020202020202020202020202020202020202020202020202020200d0a20202020202020202020202020202020202020202020202020203c2f74723e0d0a20202020202020202020202020202020202020202020202020200d0a2020202020202020202020202020202020202020202020203c2f74686561643e0d0a202020202020202020202020202020202020202020202020202020203c74626f64793e0d0a202020202020202020202020202020202020202020202020202020202020202020202020202020202020202020202020202020202020202020203c2f74723e0d0a2020202020202020202020202020202020202020202020202020202020203c7472206267636f6c6f723d2223646465626637223e200d0a2020202020202020202020202020202020202020202020202020202020203c746420636f6c7370616e3d2232223e546f74616c20444f4d3c2f74643e0d0a2020202020202020202020202020202020202020202020202020202020203c74643e20303c2f74643e0d0a2020202020202020202020202020202020202020202020202020202020203c74643e20303c2f74643e0d0a2020202020202020202020202020202020202020202020202020202020203c74643e20303c2f74643e0d0a2020202020202020202020202020202020202020202020202020202020203c74643e203c2f74643e0d0a202020202020202020202020202020202020202020202020202020202020202020202020202020202020202020202020202020202020202020202020202020203c74643e303c2f74643e0d0a202020202020202020202020202020202020202020202020202020202020202020203c74643e303c2f74643e0d0a202020202020202020202020202020202020202020202020202020202020202020203c74643e303c2f74643e2020202020202020202020202020202020202020202020202020202020202020200d0a202020202020202020202020202020202020202020202020202020202020202020203c74643e303c2f74643e0d0a202020202020202020202020202020202020202020202020202020202020202020203c74643e303c2f74643e0d0a202020202020202020202020202020202020202020202020202020202020202020203c74643e303c2f74643e0d0a202020202020202020202020202020202020202020202020202020202020202020203c74643e303c2f74643e0d0a202020202020202020202020202020202020202020202020202020202020202020203c74643e303c2f74643e0d0a202020202020202020202020202020202020202020202020202020202020202020203c74643e303c2f74643e20200d0a202020202020202020202020202020202020202020202020202020202020202020203c74643e303c2f74643e0d0a202020202020202020202020202020202020202020202020202020202020202020203c74643e303c2f74643e0d0a202020202020202020202020202020202020202020202020202020202020202020203c74643e303c2f74643e200d0a2020202020202020202020202020202020202020202020202020202020200d0a20202020202020202020202020202020202020202020202020202020202020202020202020202020202020202020202020202020202020202020202020200d0a2020202020202020202020202020202020202020202020202020202020203c2f74723e0d0a202020202020202020202020202020202020202020202020202020203c2f74626f64793e0d0a20202020202020202020202020202020202020202020202020203c2f7461626c653e0d0a2020202020202020202020200d0a0d0a3c64697620616c69676e3d227269676874223e0d0a203c703e4a616b617274612c203c2f703e0d0a203c62723e0d0a200d0a203c703e3c753e2e2e2e2e2e2e2e2e2e3c2f753e3c62723e0d0a204e50502e203c2f703e0d0a3c6469763e0d0a0d0a0d0a0d0a20, 3498, 2017, 8, '2017-08-27 05:00:04', 3, 1);

-- --------------------------------------------------------

--
-- Table structure for table `referensifile_role`
--

CREATE TABLE `referensifile_role` (
  `id_referensirole` int(10) NOT NULL,
  `jenis` varchar(25) NOT NULL
) ENGINE=InnoDB DEFAULT CHARSET=latin1;

--
-- Dumping data for table `referensifile_role`
--

INSERT INTO `referensifile_role` (`id_referensirole`, `jenis`) VALUES
(1, 'RKAP'),
(2, 'Revisi'),
(3, 'Pencapaian');

-- --------------------------------------------------------

--
-- Table structure for table `referensi_file`
--

CREATE TABLE `referensi_file` (
  `id_referensi` int(11) NOT NULL,
  `nama_file` varchar(25) NOT NULL,
  `type_file` varchar(25) NOT NULL,
  `content` mediumblob NOT NULL,
  `size_file` int(11) NOT NULL,
  `tahun` year(4) NOT NULL,
  `bulan` int(2) NOT NULL,
  `waktu` timestamp NOT NULL DEFAULT CURRENT_TIMESTAMP ON UPDATE CURRENT_TIMESTAMP,
  `id_referensirole` int(25) NOT NULL
) ENGINE=InnoDB DEFAULT CHARSET=latin1;

--
-- Dumping data for table `referensi_file`
--

INSERT INTO `referensi_file` (`id_referensi`, `nama_file`, `type_file`, `content`, `size_file`, `tahun`, `bulan`, `waktu`, `id_referensirole`) VALUES
(7, '2017', 'docx', 0x504b0304140000080800f482024b98daeb8bae000000270100000b0000005f72656c732f2e72656c738dcfc10e82300c06e057597a978107630c838b31e16af001e6560601d6659b0a6fef8e623c786cfaf7fbd3b25ee6893dd18781ac8022cb81a155a4076b04dcdacbee082c4469b59cc8a2801503d45579c549c67412fac105960c1b04f431ba13e741f538cb9091439b361df959c6347ac39d54a334c8f7797ee0fed380adc91a2dc037ba00d6ae0effb1a9eb068567528f196dfc51f19548b2f406a38065e22ff2e39d68cc120abc2af9e6c1ea0d504b0304140000080800f482024b2655e01e15010000db020000130000005b436f6e74656e745f54797065735d2e786d6cad52cb4ec33010fc15cb5714bbe580106ada038f2370281fb0389bc48d5ff2baa5f97b1c9772a84ab9f4b45acfccceecca8bd5de1ab6c348dabb9acfc58c3374ca37da7535ff58bf54f79c5102d780f10e6b3e22f1d572b11e0312cb5a4735ef530a0f5292ead102091fd065a4f5d142ca6dec6400354087f27636bb93cabb842e55699ac1978b276c616b127bdee7e7438e2ce7ecf1c09bac6a0e2118ad2065584ea83cab8b68e88270e79a9374d54f3291958543bd0e74f3b7c3266077e2a0edb45a01b2e62d1f33ea06d93bc4f40a3613e4dec82f1f874fef077179b533097ddb6a858d575b9b2582424468a8474cd688528505ed8e992ff81732c952e6570ef23bff9f1c94468374ed2b94a14767593ee7f21b504b0304140000080800f482024bab212c6ec2000000a70100001a000000786c2f5f72656c732f776f726b626f6f6b2e786d6c2e72656c73ad90cd0a02310c845fa5e4ee66770f2262f5228257d10728ddec0feeb6a5893ffbf6164551f0e0c15398847c33cc62751d7a75a6c89d771a8a2c0745cefaaa738d86c37e3399816231ae32bd77a4612486d572b1a3de487ae1b60bac12c3b1865624cc11d9b63418ce7c20972eb58f8391246383c1d8a36908cb3c9f627c67c027536d2b0d715b15a0f663a05fd8beae3b4b6b6f4f0339f96281171f8fdc1249829ad8906878ad18efa3c81215f07b98f29f6158c63e75f94af2d04f7bfc28787903504b0304140000080800f482024b4149c5a23c010000190200000f000000786c2f776f726b626f6f6b2e786d6c8d51cb6ec23010fc15cbf7e20415441101f5a972a9501f7036f18658d8dec8761af8fb6e8c28f4d693677735b333ebd9e2600dfb061f34ba82e7838c3370252aed7605fffa7cb9997016a2744a1a7450f02304be98cf3af4fb2de29e11dd8582d7313653214259839561800d389a54e8ad8c54fa9d088d07a9420d10ad11c32c1b0b2bb5e32785a9ff8f0656952ee109cbd6828b27110f4646321f6add043e9f55dac0fa9487c9a67993965c1f0c674686f8ac740455f01195d8c19f866f9b87561b2a86b7937cccc525e5cab35063b774fb7be730a67d05a753c936e2235a8a16c24a97b125d00f88dbf3d61aba7091e94b76d868a7b04bf4e315ee12dc68156b72301a67bfbd57d0bb3ad2e7dc65436a46b97def1d90e92c6d1257abd27dcf2f7329fc478f73fac6fe5d523ec27eaa09f8a5ca93c29926ce56e73f504b0304140000080800f482024b16f19ce9f8020000e51900000d000000786c2f7374796c65732e786d6ced995b6bdb3014c7bf8ad07be3dab1bb25c42eac25d0878d415bd8ab224b8ea82c195bee927dfa1df9920bed489772fad404a2db39ff23eb879483bcb8de949a3c8bba51d6a4349c5c52220cb7b932454a1f1f96175fe975b668dc568bfbb5108e80bd6952ba76ae9a0741c3d7a264cdc456c2c088b475c91c34eb2268aa5ab0bcf14ea50ea2cbcbaba064cad05e615ef2b78894ac7e6aab0b6ecb8a39b5525ab96da735ca6cc298bd542a15af6d63a59b806760a5545cbc9cd02c98058c5352f2f95d616ccd565aa4b453a4d9425ae31ac26d6b5c4a1388e7fbe74fc6fe364b3f04ab3558c1fafc21cf4c434f48836c615829faf60dd36a552bdf19f4966fb6e756db9ad4c52aa5cbe1738eccea0c1f75864fbbf7e98a067c95d6bb05bca27d47b600904ed466090d32d41fb6152cbcb146f48fd8d9f9dfe0a45363b5cabd767173b860b733ffed1660185026171b91c34ce22ec881e251c87362cdbecc928f882525bf12928b8f8ac5a590ff1bab2b80fecad6391c2b23ff888e5dd9420be9c0bd56c5da97ce563e86750ef66ab6c8152bac619e7d307af42519871e2b981fd38da0bbae5bd89663671f817487564add1a0e9d713fb1d659bf71bdb8371a6671d2b6b3eaa67ad2146cc6a73969db9bbdfecc430596920badefbdd22fb95b4f7ff66c24316db92cdd1d208183dbefbbb10a10866a2fd337bcfea15aaf7d201b9d254b5855e9ad3f15fdc4861698ee5bdf3aebe1b1ff1520c40e10610798620788b1031c408eb02147d890236cc81136e4081b728c0d39c6861c63438eb121c79f903f21bf1b72820d39c1869c60434eb02127d8908ffef443ecc42bc44ebc42ecc42bc44ebc42ecc42bc44ebc42ecc42bc44ebc42ecc40b03f2141bf2141bf2141bf2141bf2141b728c0d39c6861c63438eb121c7d890136cc80936e4041b72820df97d0182e116ece0aaede8a26dd74bfcdd774a7ff837149a928d1cf3815669a7cc2b976ca0996ff6f76bdda8f32f1a8ea380462e246bb57bd80da6745fff2e72d596b39dd54ff56cdd60b5aff756fdddecfe954df617504b0304140000080800f482024bc9ef6c84840200007b0b000018000000786c2f776f726b7368656574732f7368656574312e786d6ca5965b53ea301485ff4a26ef1252b98853ea8078450505c7e75802cdb149982478f9f7067ad1b135ed411e0aeddadfca4a3609f827ef3c06af546926451fe24613022a42b96062d5878ff3f3832308b42162416229681f7e500d4f02ff4daa171d516a80e585eec3c898f531423a8c2827ba21d7545865291527c6deaa15d26b45c96207f11879cd660771c2044c1c8e551d0fb95cb2908e64b8e15498c444d198189b5e476cad33371ed6b1e344bd6cd607a1e46b6bf1cc62663e76a699cd3b6e91a21367a1925a2e4dc39269a6e2f47aa8874808010f8faf56422af21cdbf5db39c2c00f65ac7757c0d976e16d1d79dfbdbfb18589eca73604e1461bc99fd207107d03bc14f0be80ae13384c81c31ce86027d04a81560e78ee48ed1468e780bbbe93d6776ad677d3faeed7943d277094024739d073d6f7d2fa5ecd40b89975ad593712ce1b8d6b86c259a7b1573756d66a7c583b56d66cdcaa1b2beb36aedb6e9cf51b776ac7ca5a8ebbee5828d94ebbdd37228604be926f406d556b074c1f321133416746c1ede3815d7dbddd3c81cf2c6782a9922b45381853f58ff8c858cbad80c2527cf8139f6d9ec1ff599cfeb4984b43623033c46c3418bc444c01dd5880f913a87eb52a871b15869bcc0737e081929869a2593e56b5d559c18a441b51899dffc41ec6836925755158e96f0b54495f16c6cce65b895eed15f7fa4f71c7fbc7bdd92beeed9fe2deed1f77b257dce99fe2ded78c8becd1919f1fde2fe7c797cbe964380083dbc90c0ca77380abcf8edfd0d9e3b00416c969b1855e830ef67cf45a50474ef52c51bd266e97c9e7898cad5e265f64729978e912af72e332f53a4b55aa8e9dea8dd3f9d6c9de39d589d379ea64ef8b6af25542df7e9650fec739f804504b01021400140000080800f482024b98daeb8bae000000270100000b00000000000000000000000000000000005f72656c732f2e72656c73504b01021400140000080800f482024b2655e01e15010000db0200001300000000000000000000000000d70000005b436f6e74656e745f54797065735d2e786d6c504b01021400140000080800f482024bab212c6ec2000000a70100001a000000000000000000000000001d020000786c2f5f72656c732f776f726b626f6f6b2e786d6c2e72656c73504b01021400140000080800f482024b4149c5a23c010000190200000f0000000000000000000000000017030000786c2f776f726b626f6f6b2e786d6c504b01021400140000080800f482024b16f19ce9f8020000e51900000d0000000000000000000000000080040000786c2f7374796c65732e786d6c504b01021400140000080800f482024bc9ef6c84840200007b0b00001800000000000000000000000000a3070000786c2f776f726b7368656574732f7368656574312e786d6c504b05060000000006000600800100005d0a00000000, 3059, 2017, 0, '2017-08-10 06:47:31', 2),
(8, '1234412', 'xls', 0x0d0a203c64697620616c69676e3d2263656e746572223e203c703e44617461204c61706f72616e20426562616e2042505420546168756e2020202053656d75612054726977756c616e20203c2f703e3c2f6469763e0d0a0d0a20202020202020202020202020202020202020202020203c7461626c6520626f726465723d2231222069643d22646174617461626c652d6b65797461626c65222020636c6173733d227461626c65207461626c652d73747269706564207461626c652d626f726465726564202220636c6173733d2263656e7465726564223e0d0a2020202020202020202020202020202020202020202020203c74686561643e0d0a20202020202020202020202020202020202020202020202020203c7472206267636f6c6f723d2223646465626637223e0d0a202020202020202020202020202020202020202020202020202020203c746820726f777370616e3d2232223e50726f6772616d204b65726a613c2f74683e0d0a202020202020202020202020202020202020202020202020202020203c746820726f777370616e3d2232223e5375622050726f6772616d204b65726a613c2f74683e0d0a202020202020202020202020202020202020202020202020202020203c746820726f777370616e3d2232223e546f74616c20524b415020203020200d0a20202020202020202020202020202020202020202020200d0a2020202020202020202020202020202020202020202020202020203c2f74683e0d0a202020202020202020202020202020202020202020202020202020203c746820726f777370616e3d2232223e546f74616c2053746174757320416b68697220732e64205457200d0a20202020202020202020202020202020202020202020202020202020202020202034203c2f74683e0d0a202020202020202020202020202020202020202020202020202020203c746820726f777370616e3d2232223e544f54414c205265616c697361736920732e64205457202034203c2f74683e0d0a202020202020202020202020202020202020202020202020202020203c746820726f777370616e3d2232223e546168756e203c2f74683e0d0a202020202020202020202020202020202020202020202020202020202020202020202020202020202020202020202020202020202020202020203c746820636f6c7370616e3d2233223e545720313c2f74683e0d0a202020202020202020202020202020202020202020202020202020203c746820636f6c7370616e3d2233223e545720323c2f74683e0d0a202020202020202020202020202020202020202020202020202020203c746820636f6c7370616e3d2233223e545720333c2f74683e0d0a202020202020202020202020202020202020202020202020202020203c746820636f6c7370616e3d2233223e545720343c2f74683e0d0a20202020202020202020202020202020202020202020202020202020202020202020202020202020202020202020202020202020202020200d0a20202020202020202020202020202020202020202020202020203c2f74723e0d0a20202020202020202020202020202020202020202020202020203c7472206267636f6c6f723d2223646465626637223e0d0a20202020202020202020202020202020202020202020202020202020202020202020202020202020202020202020202020202020202020202020200d0a20202020202020202020202020202020202020202020202020202020202020203c74683e524b41503c2f74683e0d0a20202020202020202020202020202020202020202020202020202020202020203c7468203e53746174757320416b6869723c2f74683e0d0a20202020202020202020202020202020202020202020202020202020202020203c7468203e5265616c69736173693c2f74683e0d0a20202020202020202020202020202020202020202020202020202020202020203c74683e524b41503c2f74683e0d0a20202020202020202020202020202020202020202020202020202020202020203c7468203e53746174757320416b6869723c2f74683e0d0a20202020202020202020202020202020202020202020202020202020202020203c7468203e5265616c69736173693c2f74683e0d0a20202020202020202020202020202020202020202020202020202020202020203c74683e524b41503c2f74683e0d0a20202020202020202020202020202020202020202020202020202020202020203c7468203e53746174757320416b6869723c2f74683e0d0a20202020202020202020202020202020202020202020202020202020202020203c7468203e5265616c69736173693c2f74683e0d0a20202020202020202020202020202020202020202020202020202020202020203c74683e524b41503c2f74683e0d0a20202020202020202020202020202020202020202020202020202020202020203c7468203e53746174757320416b6869723c2f74683e0d0a20202020202020202020202020202020202020202020202020202020202020203c7468203e5265616c69736173693c2f74683e0d0a0d0a2020202020202020202020202020202020202020202020202020202020200d0a202020202020202020202020202020202020202020202020202020202020200d0a202020202020202020202020202020202020202020202020202020200d0a202020202020202020202020202020202020202020202020202020200d0a20202020202020202020202020202020202020202020202020203c2f74723e0d0a20202020202020202020202020202020202020202020202020200d0a2020202020202020202020202020202020202020202020203c2f74686561643e0d0a202020202020202020202020202020202020202020202020202020203c74626f64793e0d0a202020202020202020202020202020202020202020202020202020202020202020202020202020202020202020202020202020202020202020203c2f74723e0d0a2020202020202020202020202020202020202020202020202020202020203c7472206267636f6c6f723d2223646465626637223e200d0a2020202020202020202020202020202020202020202020202020202020203c746420636f6c7370616e3d2232223e546f74616c20444f4d3c2f74643e0d0a2020202020202020202020202020202020202020202020202020202020203c74643e20303c2f74643e0d0a2020202020202020202020202020202020202020202020202020202020203c74643e20303c2f74643e0d0a2020202020202020202020202020202020202020202020202020202020203c74643e20303c2f74643e0d0a2020202020202020202020202020202020202020202020202020202020203c74643e202d203c2f74643e0d0a202020202020202020202020202020202020202020202020202020202020202020202020202020202020202020202020202020202020202020202020202020203c74643e303c2f74643e0d0a202020202020202020202020202020202020202020202020202020202020202020203c74643e303c2f74643e0d0a202020202020202020202020202020202020202020202020202020202020202020203c74643e303c2f74643e2020202020202020202020202020202020202020202020202020202020202020200d0a202020202020202020202020202020202020202020202020202020202020202020203c74643e303c2f74643e0d0a202020202020202020202020202020202020202020202020202020202020202020203c74643e303c2f74643e0d0a202020202020202020202020202020202020202020202020202020202020202020203c74643e303c2f74643e0d0a202020202020202020202020202020202020202020202020202020202020202020203c74643e303c2f74643e0d0a202020202020202020202020202020202020202020202020202020202020202020203c74643e303c2f74643e0d0a202020202020202020202020202020202020202020202020202020202020202020203c74643e303c2f74643e20200d0a202020202020202020202020202020202020202020202020202020202020202020203c74643e303c2f74643e0d0a202020202020202020202020202020202020202020202020202020202020202020203c74643e303c2f74643e0d0a202020202020202020202020202020202020202020202020202020202020202020203c74643e303c2f74643e200d0a2020202020202020202020202020202020202020202020202020202020200d0a20202020202020202020202020202020202020202020202020202020202020202020202020202020202020202020202020202020202020202020202020200d0a2020202020202020202020202020202020202020202020202020202020203c2f74723e0d0a202020202020202020202020202020202020202020202020202020203c2f74626f64793e0d0a20202020202020202020202020202020202020202020202020203c2f7461626c653e0d0a2020202020202020202020200d0a0d0a3c64697620616c69676e3d227269676874223e0d0a203c703e4a616b617274612c203c2f703e0d0a203c62723e0d0a200d0a203c703e3c753e2e2e2e2e2e2e2e2e2e3c2f753e3c62723e0d0a204e50502e203c2f703e0d0a3c6469763e0d0a0d0a0d0a0d0a20, 3434, 2017, 8, '2017-08-24 06:05:17', 3);

-- --------------------------------------------------------

--
-- Table structure for table `semester`
--

CREATE TABLE `semester` (
  `id_semester` int(11) NOT NULL,
  `semester` varchar(11) NOT NULL
) ENGINE=InnoDB DEFAULT CHARSET=latin1;

--
-- Dumping data for table `semester`
--

INSERT INTO `semester` (`id_semester`, `semester`) VALUES
(1, 'Semester 1'),
(2, 'Semester 2');

-- --------------------------------------------------------

--
-- Table structure for table `sub_program`
--

CREATE TABLE `sub_program` (
  `id_sp` int(255) NOT NULL,
  `nama_sp` varchar(1000) NOT NULL,
  `id_pk` int(10) NOT NULL,
  `id_cabang` int(30) NOT NULL,
  `jenis` varchar(20) NOT NULL
) ENGINE=InnoDB DEFAULT CHARSET=latin1;

--
-- Dumping data for table `sub_program`
--

INSERT INTO `sub_program` (`id_sp`, `nama_sp`, `id_pk`, `id_cabang`, `jenis`) VALUES
(7, 'Apa1', 6, 1, 'beban'),
(8, 'Apa2', 6, 2, 'beban'),
(9, 'Alala', 7, 2, 'beban'),
(10, 'Alala', 6, 3, 'beban'),
(11, 'Apa1', 7, 3, 'beban'),
(12, 'Apa2', 7, 1, 'beban'),
(13, 'Coba', 7, 2, 'beban'),
(14, 'Coba', 6, 1, 'beban'),
(16, 'Coba Program AA', 8, 2, ''),
(17, 'K', 8, 2, 'beban'),
(18, 'K', 9, 2, 'beban'),
(19, 'Coba aja', 10, 1, 'beban'),
(20, 'Amos coba', 11, 3, 'beban'),
(21, 'Coba Capex Sub', 13, 3, 'capex'),
(22, 'Pengadaan Kontraktor/Rekanan', 15, 3, 'beban'),
(23, 'Pelaksanaan Konstruksi/Pekerjaan ', 15, 3, 'beban'),
(24, 'Pengadaan Kontraktor/Rekanan', 16, 3, 'beban'),
(25, 'Pelaksanaan Konstruksi/Pekerjaan (… Unit)', 16, 3, 'beban'),
(26, 'Pengadaan Kontraktor/Rekanan', 17, 3, 'beban'),
(27, 'Pelaksanaan Konstruksi/Pekerjaan (… Unit)', 17, 3, 'beban'),
(28, 'Pengadaan Kontraktor/Rekanan', 18, 3, 'beban'),
(29, 'Pelaksanaan Konstruksi/Pekerjaan (… Unit)', 18, 3, 'beban'),
(30, 'Pengadaan Kontraktor/Rekanan', 19, 3, 'beban'),
(31, 'Pelaksanaan Konstruksi/Pekerjaan (… Unit)', 19, 3, 'beban'),
(32, 'Pengadaan Kontraktor/Rekanan', 20, 3, 'beban'),
(33, 'Pelaksanaan Konstruksi/Pekerjaan (… Unit)', 20, 3, 'beban'),
(34, 'Pengadaan Kontraktor/Rekanan', 21, 3, 'beban'),
(35, 'Pelaksanaan Konstruksi/Pekerjaan (… Unit)', 21, 3, 'beban'),
(36, 'Sub Program Kerja BPT', 26, 2, 'beban');

-- --------------------------------------------------------

--
-- Table structure for table `transaksi_tinggi`
--

CREATE TABLE `transaksi_tinggi` (
  `id_transaksi` int(11) NOT NULL,
  `tahun` year(4) NOT NULL,
  `tw` int(1) NOT NULL,
  `nilai` int(11) NOT NULL,
  `id_subgardu` int(11) NOT NULL,
  `id_gerbang` int(11) NOT NULL,
  `id_cabang` int(25) NOT NULL
) ENGINE=InnoDB DEFAULT CHARSET=latin1;

--
-- Dumping data for table `transaksi_tinggi`
--

INSERT INTO `transaksi_tinggi` (`id_transaksi`, `tahun`, `tw`, `nilai`, `id_subgardu`, `id_gerbang`, `id_cabang`) VALUES
(248, 2016, 1, 1, 1, 23, 2),
(249, 2016, 1, 1, 2, 23, 2),
(250, 2016, 1, 1, 3, 23, 2),
(251, 2016, 1, 1, 4, 23, 2),
(252, 2016, 1, 1, 5, 23, 2),
(253, 2016, 1, 1, 6, 23, 2),
(254, 2016, 1, 1, 7, 23, 2),
(255, 2017, 1, 10, 1, 23, 2),
(256, 2017, 1, 10, 2, 23, 2),
(257, 2017, 1, 10, 3, 23, 2),
(258, 2017, 1, 10, 4, 23, 2),
(259, 2017, 1, 10, 5, 23, 2),
(260, 2017, 1, 10, 6, 23, 2),
(261, 2017, 1, 10, 7, 23, 2),
(262, 2012, 1, 1, 1, 23, 2),
(263, 2012, 1, 1, 2, 23, 2),
(264, 2012, 1, 1, 3, 23, 2),
(265, 2012, 1, 1, 4, 23, 2),
(266, 2012, 1, 1, 5, 23, 2),
(267, 2012, 1, 1, 6, 23, 2),
(268, 2012, 1, 1, 7, 23, 2);

-- --------------------------------------------------------

--
-- Table structure for table `triwulan`
--

CREATE TABLE `triwulan` (
  `triwulan` varchar(11) NOT NULL,
  `id_tw` varchar(11) NOT NULL,
  `id_semester` int(11) NOT NULL
) ENGINE=InnoDB DEFAULT CHARSET=latin1;

--
-- Dumping data for table `triwulan`
--

INSERT INTO `triwulan` (`triwulan`, `id_tw`, `id_semester`) VALUES
('Tri Wulan 1', '1', 1),
('Tri Wulan 2', '2', 1),
('Tri Wulan 3', '3', 2),
('Tri Wulan 4', '4', 2);

-- --------------------------------------------------------

--
-- Table structure for table `user`
--

CREATE TABLE `user` (
  `id_user` int(255) NOT NULL,
  `username` varchar(30) NOT NULL,
  `password` varchar(30) NOT NULL,
  `id_role` int(11) NOT NULL,
  `id_cabang` int(20) NOT NULL
) ENGINE=InnoDB DEFAULT CHARSET=latin1;

--
-- Dumping data for table `user`
--

INSERT INTO `user` (`id_user`, `username`, `password`, `id_role`, `id_cabang`) VALUES
(1, 'selfiq', '123456', 2, 1),
(2, 'rachel', '12345', 2, 2),
(3, 'amostiberio', 'amos123', 2, 3),
(4, 'admin', '1234', 1, 0),
(5, 'adminamos', 'admin123', 1, 0);

-- --------------------------------------------------------

--
-- Table structure for table `user_role`
--

CREATE TABLE `user_role` (
  `id_role` int(11) NOT NULL,
  `role` varchar(20) NOT NULL
) ENGINE=InnoDB DEFAULT CHARSET=latin1;

--
-- Dumping data for table `user_role`
--

INSERT INTO `user_role` (`id_role`, `role`) VALUES
(1, 'admin'),
(2, 'user');

-- --------------------------------------------------------

--
-- Table structure for table `waktu_transaksi`
--

CREATE TABLE `waktu_transaksi` (
  `id_waktutrans` int(11) NOT NULL,
  `nilai` int(25) NOT NULL,
  `tahun` int(11) NOT NULL,
  `id_gerbang` int(25) NOT NULL,
  `id_subgardu` int(25) NOT NULL,
  `id_cabang` int(25) NOT NULL,
  `id_semester` int(11) NOT NULL,
  `id_tw` int(11) NOT NULL
) ENGINE=InnoDB DEFAULT CHARSET=latin1;

--
-- Dumping data for table `waktu_transaksi`
--

INSERT INTO `waktu_transaksi` (`id_waktutrans`, `nilai`, `tahun`, `id_gerbang`, `id_subgardu`, `id_cabang`, `id_semester`, `id_tw`) VALUES
(602, 2, 2017, 8, 1, 1, 2, 3),
(603, 1, 2017, 8, 2, 1, 2, 3),
(604, 2, 2017, 8, 3, 1, 2, 3),
(605, 2, 2017, 8, 4, 1, 2, 3),
(606, 3, 2017, 8, 5, 1, 2, 3),
(607, 2, 2017, 8, 6, 1, 2, 3),
(614, 2, 2017, 9, 1, 1, 1, 1),
(615, 3, 2017, 9, 2, 1, 1, 1),
(616, 2, 2017, 9, 3, 1, 1, 1),
(617, 3, 2017, 9, 4, 1, 1, 1),
(618, 2, 2017, 9, 5, 1, 1, 1),
(619, 4, 2017, 9, 6, 1, 1, 1),
(626, 2, 2017, 8, 1, 1, 1, 1),
(627, 2, 2017, 8, 2, 1, 1, 1),
(628, 3, 2017, 8, 3, 1, 1, 1),
(629, 1, 2017, 8, 4, 1, 1, 1),
(630, 2, 2017, 8, 5, 1, 1, 1),
(631, 3, 2017, 8, 6, 1, 1, 1),
(638, 2, 2017, 8, 1, 1, 1, 2),
(639, 1, 2017, 8, 2, 1, 1, 2),
(640, 2, 2017, 8, 3, 1, 1, 2),
(641, 2, 2017, 8, 4, 1, 1, 2),
(642, 1, 2017, 8, 5, 1, 1, 2),
(643, 3, 2017, 8, 6, 1, 1, 2),
(650, 2, 2017, 8, 1, 1, 2, 4),
(651, 1, 2017, 8, 2, 1, 2, 4),
(652, 3, 2017, 8, 3, 1, 2, 4),
(653, 2, 2017, 8, 4, 1, 2, 4),
(654, 1, 2017, 8, 5, 1, 2, 4),
(655, 3, 2017, 8, 6, 1, 2, 4),
(656, 2, 2017, 9, 1, 1, 2, 3),
(657, 2, 2017, 9, 2, 1, 2, 3),
(658, 2, 2017, 9, 3, 1, 2, 3),
(659, 3, 2017, 9, 4, 1, 2, 3),
(660, 3, 2017, 9, 5, 1, 2, 3),
(661, 4, 2017, 9, 6, 1, 2, 3),
(686, 2, 2017, 30, 1, 2, 1, 1),
(687, 1, 2017, 30, 2, 2, 1, 1),
(688, 4, 2017, 30, 3, 2, 1, 1),
(689, 3, 2017, 30, 4, 2, 1, 1),
(690, 2, 2017, 30, 5, 2, 1, 1),
(691, 4, 2017, 30, 6, 2, 1, 1),
(692, 4, 2017, 23, 1, 2, 1, 2),
(693, 5, 2017, 23, 2, 2, 1, 2),
(694, 10, 2017, 23, 3, 2, 1, 2),
(695, 0, 2017, 23, 4, 2, 1, 2),
(696, 5, 2017, 23, 5, 2, 1, 2),
(697, 10, 2017, 23, 6, 2, 1, 2);

-- --------------------------------------------------------

--
-- Table structure for table `wt_rencana`
--

CREATE TABLE `wt_rencana` (
  `id_wtrencana` int(11) NOT NULL,
  `nilai` int(11) NOT NULL,
  `id_subgardu` int(11) NOT NULL,
  `id_semester` int(11) NOT NULL
) ENGINE=InnoDB DEFAULT CHARSET=latin1;

--
-- Dumping data for table `wt_rencana`
--

INSERT INTO `wt_rencana` (`id_wtrencana`, `nilai`, `id_subgardu`, `id_semester`) VALUES
(29, 5, 2, 2),
(30, 9, 3, 2),
(31, 6, 1, 2),
(32, 4, 5, 2),
(33, 5, 4, 2),
(34, 10, 9, 2),
(35, 5, 2, 1),
(36, 9, 3, 1),
(37, 6, 1, 1),
(38, 4, 5, 1),
(39, 5, 4, 1),
(40, 10, 9, 1);

--
-- Indexes for dumped tables
--

--
-- Indexes for table `beban_realisasi`
--
ALTER TABLE `beban_realisasi`
  ADD PRIMARY KEY (`id_twrl`);

--
-- Indexes for table `beban_rencana`
--
ALTER TABLE `beban_rencana`
  ADD PRIMARY KEY (`id_twrc`);

--
-- Indexes for table `cabang`
--
ALTER TABLE `cabang`
  ADD PRIMARY KEY (`id_cabang`);

--
-- Indexes for table `capex_realisasi`
--
ALTER TABLE `capex_realisasi`
  ADD PRIMARY KEY (`id_twrl`);

--
-- Indexes for table `capex_rencana`
--
ALTER TABLE `capex_rencana`
  ADD PRIMARY KEY (`id_twrc`);

--
-- Indexes for table `data_csi`
--
ALTER TABLE `data_csi`
  ADD PRIMARY KEY (`id_csi`);

--
-- Indexes for table `gerbang`
--
ALTER TABLE `gerbang`
  ADD PRIMARY KEY (`id_gerbang`);

--
-- Indexes for table `jenis_gardu`
--
ALTER TABLE `jenis_gardu`
  ADD PRIMARY KEY (`id_jenisgardu`);

--
-- Indexes for table `jenis_karyawan`
--
ALTER TABLE `jenis_karyawan`
  ADD PRIMARY KEY (`id_karyawan`);

--
-- Indexes for table `jenis_subgardu`
--
ALTER TABLE `jenis_subgardu`
  ADD PRIMARY KEY (`id_subgardu`);

--
-- Indexes for table `jml_gardutersedia`
--
ALTER TABLE `jml_gardutersedia`
  ADD PRIMARY KEY (`id_gardutersedia`);

--
-- Indexes for table `lalin_jj`
--
ALTER TABLE `lalin_jj`
  ADD PRIMARY KEY (`id_lalinjj`);

--
-- Indexes for table `locker_realisasilaporan`
--
ALTER TABLE `locker_realisasilaporan`
  ADD PRIMARY KEY (`id_locker`);

--
-- Indexes for table `panjang_antrian`
--
ALTER TABLE `panjang_antrian`
  ADD PRIMARY KEY (`id_pa`);

--
-- Indexes for table `pengumpul_tol`
--
ALTER TABLE `pengumpul_tol`
  ADD PRIMARY KEY (`id_pt`);

--
-- Indexes for table `program_kerja`
--
ALTER TABLE `program_kerja`
  ADD PRIMARY KEY (`id_pk`);

--
-- Indexes for table `realisasi_laporan`
--
ALTER TABLE `realisasi_laporan`
  ADD PRIMARY KEY (`id_realisasi`);

--
-- Indexes for table `referensifile_role`
--
ALTER TABLE `referensifile_role`
  ADD PRIMARY KEY (`id_referensirole`);

--
-- Indexes for table `referensi_file`
--
ALTER TABLE `referensi_file`
  ADD PRIMARY KEY (`id_referensi`);

--
-- Indexes for table `semester`
--
ALTER TABLE `semester`
  ADD PRIMARY KEY (`id_semester`);

--
-- Indexes for table `sub_program`
--
ALTER TABLE `sub_program`
  ADD PRIMARY KEY (`id_sp`);

--
-- Indexes for table `transaksi_tinggi`
--
ALTER TABLE `transaksi_tinggi`
  ADD PRIMARY KEY (`id_transaksi`);

--
-- Indexes for table `triwulan`
--
ALTER TABLE `triwulan`
  ADD PRIMARY KEY (`id_tw`);

--
-- Indexes for table `user`
--
ALTER TABLE `user`
  ADD PRIMARY KEY (`id_user`);

--
-- Indexes for table `user_role`
--
ALTER TABLE `user_role`
  ADD PRIMARY KEY (`id_role`);

--
-- Indexes for table `waktu_transaksi`
--
ALTER TABLE `waktu_transaksi`
  ADD PRIMARY KEY (`id_waktutrans`);

--
-- Indexes for table `wt_rencana`
--
ALTER TABLE `wt_rencana`
  ADD PRIMARY KEY (`id_wtrencana`);

--
-- AUTO_INCREMENT for dumped tables
--

--
-- AUTO_INCREMENT for table `beban_realisasi`
--
ALTER TABLE `beban_realisasi`
  MODIFY `id_twrl` int(11) NOT NULL AUTO_INCREMENT, AUTO_INCREMENT=16;
--
-- AUTO_INCREMENT for table `beban_rencana`
--
ALTER TABLE `beban_rencana`
  MODIFY `id_twrc` int(11) NOT NULL AUTO_INCREMENT, AUTO_INCREMENT=121;
--
-- AUTO_INCREMENT for table `cabang`
--
ALTER TABLE `cabang`
  MODIFY `id_cabang` int(20) NOT NULL AUTO_INCREMENT, AUTO_INCREMENT=12;
--
-- AUTO_INCREMENT for table `capex_realisasi`
--
ALTER TABLE `capex_realisasi`
  MODIFY `id_twrl` int(11) NOT NULL AUTO_INCREMENT, AUTO_INCREMENT=11;
--
-- AUTO_INCREMENT for table `capex_rencana`
--
ALTER TABLE `capex_rencana`
  MODIFY `id_twrc` int(11) NOT NULL AUTO_INCREMENT, AUTO_INCREMENT=9;
--
-- AUTO_INCREMENT for table `data_csi`
--
ALTER TABLE `data_csi`
  MODIFY `id_csi` int(10) NOT NULL AUTO_INCREMENT, AUTO_INCREMENT=18;
--
-- AUTO_INCREMENT for table `gerbang`
--
ALTER TABLE `gerbang`
  MODIFY `id_gerbang` int(11) NOT NULL AUTO_INCREMENT, AUTO_INCREMENT=37;
--
-- AUTO_INCREMENT for table `jml_gardutersedia`
--
ALTER TABLE `jml_gardutersedia`
  MODIFY `id_gardutersedia` int(11) NOT NULL AUTO_INCREMENT, AUTO_INCREMENT=149;
--
-- AUTO_INCREMENT for table `lalin_jj`
--
ALTER TABLE `lalin_jj`
  MODIFY `id_lalinjj` int(11) NOT NULL AUTO_INCREMENT;
--
-- AUTO_INCREMENT for table `locker_realisasilaporan`
--
ALTER TABLE `locker_realisasilaporan`
  MODIFY `id_locker` int(10) NOT NULL AUTO_INCREMENT, AUTO_INCREMENT=2;
--
-- AUTO_INCREMENT for table `panjang_antrian`
--
ALTER TABLE `panjang_antrian`
  MODIFY `id_pa` int(11) NOT NULL AUTO_INCREMENT, AUTO_INCREMENT=122;
--
-- AUTO_INCREMENT for table `pengumpul_tol`
--
ALTER TABLE `pengumpul_tol`
  MODIFY `id_pt` int(11) NOT NULL AUTO_INCREMENT;
--
-- AUTO_INCREMENT for table `program_kerja`
--
ALTER TABLE `program_kerja`
  MODIFY `id_pk` int(255) NOT NULL AUTO_INCREMENT, AUTO_INCREMENT=30;
--
-- AUTO_INCREMENT for table `realisasi_laporan`
--
ALTER TABLE `realisasi_laporan`
  MODIFY `id_realisasi` int(11) NOT NULL AUTO_INCREMENT, AUTO_INCREMENT=3;
--
-- AUTO_INCREMENT for table `referensifile_role`
--
ALTER TABLE `referensifile_role`
  MODIFY `id_referensirole` int(10) NOT NULL AUTO_INCREMENT, AUTO_INCREMENT=4;
--
-- AUTO_INCREMENT for table `referensi_file`
--
ALTER TABLE `referensi_file`
  MODIFY `id_referensi` int(11) NOT NULL AUTO_INCREMENT, AUTO_INCREMENT=9;
--
-- AUTO_INCREMENT for table `sub_program`
--
ALTER TABLE `sub_program`
  MODIFY `id_sp` int(255) NOT NULL AUTO_INCREMENT, AUTO_INCREMENT=37;
--
-- AUTO_INCREMENT for table `transaksi_tinggi`
--
ALTER TABLE `transaksi_tinggi`
  MODIFY `id_transaksi` int(11) NOT NULL AUTO_INCREMENT, AUTO_INCREMENT=269;
--
-- AUTO_INCREMENT for table `user`
--
ALTER TABLE `user`
  MODIFY `id_user` int(255) NOT NULL AUTO_INCREMENT, AUTO_INCREMENT=6;
--
-- AUTO_INCREMENT for table `waktu_transaksi`
--
ALTER TABLE `waktu_transaksi`
  MODIFY `id_waktutrans` int(11) NOT NULL AUTO_INCREMENT, AUTO_INCREMENT=698;
--
-- AUTO_INCREMENT for table `wt_rencana`
--
ALTER TABLE `wt_rencana`
  MODIFY `id_wtrencana` int(11) NOT NULL AUTO_INCREMENT, AUTO_INCREMENT=41;
/*!40101 SET CHARACTER_SET_CLIENT=@OLD_CHARACTER_SET_CLIENT */;
/*!40101 SET CHARACTER_SET_RESULTS=@OLD_CHARACTER_SET_RESULTS */;
/*!40101 SET COLLATION_CONNECTION=@OLD_COLLATION_CONNECTION */;
